{"cameraMode":{"drawMode":0,"name":"Shaded","section":"Shading Mode"},"sceneLighting":true,"audioPlay":false,"sceneViewState":{"showFog":true,"showMaterialUpdate":false,"showSkybox":true,"showFlares":true,"showImageEffects":true,"showParticleSystems":true},"in2DMode":false,"pivot":{"x":-145.5155792236328,"y":131.75892639160157,"z":-275.29998779296877},"rotation":{"x":0.10402800142765045,"y":-0.7445231676101685,"z":0.11939474940299988,"w":0.6487321853637695},"size":42.21067428588867,"orthographic":false}