{"cameraMode":{"drawMode":0,"name":"Shaded","section":"Shading Mode"},"sceneLighting":true,"audioPlay":false,"sceneViewState":{"showFog":true,"showMaterialUpdate":false,"showSkybox":true,"showFlares":true,"showImageEffects":true,"showParticleSystems":true},"in2DMode":false,"pivot":{"x":53.22774124145508,"y":10.0260009765625,"z":-115.7086181640625},"rotation":{"x":-0.03514859452843666,"y":0.9645900130271912,"z":-0.19237066805362702,"w":-0.17744410037994386},"size":24.223926544189454,"orthographic":true}