{"cameraMode":{"drawMode":0,"name":"Shaded","section":"Shading Mode"},"sceneLighting":true,"audioPlay":false,"sceneViewState":{"showFog":true,"showMaterialUpdate":false,"showSkybox":true,"showFlares":true,"showImageEffects":true,"showParticleSystems":true},"in2DMode":false,"pivot":{"x":36.440086364746097,"y":30.344053268432618,"z":-105.60880279541016},"rotation":{"x":0.045296620577573779,"y":0.9449884295463562,"z":-0.14740082621574403,"w":0.28878363966941836},"size":24.70132064819336,"orthographic":true}