{"cameraMode":{"drawMode":0,"name":"Shaded","section":"Shading Mode"},"sceneLighting":false,"audioPlay":false,"sceneViewState":{"showFog":true,"showMaterialUpdate":false,"showSkybox":false,"showFlares":true,"showImageEffects":true,"showParticleSystems":true},"in2DMode":false,"pivot":{"x":0.14359664916992188,"y":10.568866729736329,"z":0.0},"rotation":{"x":0.008422942832112313,"y":-0.9914768934249878,"z":0.09579405188560486,"w":0.08827774226665497},"size":42.62445831298828,"orthographic":false}