{"cameraMode":{"drawMode":0,"name":"Shaded","section":"Shading Mode"},"sceneLighting":true,"audioPlay":false,"sceneViewState":{"showFog":true,"showMaterialUpdate":false,"showSkybox":true,"showFlares":true,"showImageEffects":true,"showParticleSystems":true},"in2DMode":false,"pivot":{"x":58.38441467285156,"y":131.6688690185547,"z":-117.0},"rotation":{"x":0.02363574132323265,"y":0.9638338088989258,"z":-0.09075199067592621,"w":0.24991056323051454},"size":168.6262664794922,"orthographic":false}