{"cameraMode":{"drawMode":0,"name":"Shaded","section":"Shading Mode"},"sceneLighting":true,"audioPlay":false,"sceneViewState":{"showFog":true,"showMaterialUpdate":false,"showSkybox":true,"showFlares":true,"showImageEffects":true,"showParticleSystems":true},"in2DMode":false,"pivot":{"x":53.22774124145508,"y":10.0260009765625,"z":-115.7086181640625},"rotation":{"x":0.11025213450193405,"y":0.8899419903755188,"z":-0.30504748225212099,"w":0.32086625695228579},"size":70.16132354736328,"orthographic":true}